Workbook

Sheet Instruções
A1: SP3 — Tipologia de divergência entre métricas e julgamento humano
A2: PIBIC 2026–2027 · amostra de 100 itens do FEB/SBIC (50 por direção) · gerada por src/amostra_sp3.py
A4: Aviso | B4: Os posts são do SBIC e contêm linguagem ofensiva e discurso de ódio. É o objeto de estudo; leia com isso em mente.
A5: O que fazer | B5: Na aba "Anotação", preencha só as colunas amarelas: CATEGORIA FINAL (lista suspensa) e Observação. A categoria sugerida vem de uma heurística automática: se concordar, escolha o mesmo código; se não, escolha outro.
A6: Direção A | B6: Métrica alta, humano baixo (plausibilidade ≤ 1/3, maiores ROUGE-L): a métrica "aprova" o que os humanos reprovam.
A7: Direção B | B7: Métrica baixa, humano alto (plausibilidade ≥ 2/3, menores ROUGE-L): a métrica "reprova" o que os humanos aprovam.
A8: Colunas | B8: Plausibilidade = média de 3 anotadores (yes = 1, w_yes = 2/3, w_no = 1/3, no = 0). ROUGE-L sem o prefixo "this post implies that". "Múltipla" = contra todas as referências do SBIC.
A9: Dica | B9: Se ficar em dúvida entre duas categorias, escolha a principal e cite a outra na Observação. Use A9/B9 só quando nada servir.
A11: Livro de códigos
A12: Código | B12: Direção | C12: Categoria | D12: Definição | E12: Exemplo
A13: A1 | B13: A | C13: Grupo certo, estereótipo errado | D13: Acerta o grupo-alvo, mas atribui a ele um estereótipo diferente do que o post implica. | E13: ref: black folks are violent · gerada: black folks are stupid
A14: A2 | B14: A | C14: Sobreposição só de molde | D14: As palavras em comum são estrutura ou molde ("is a personal attack", "can't"), não conteúdo. | E14: ref: this post is a personal attack · gerada: incel redemption story is a personal attack
A15: A3 | B15: A | C15: Sentido invertido ou positivo | D15: Mesmo grupo, mas a gerada diz algo positivo ou oposto ao estereótipo. | E15: ref: women are cowardly · gerada: women are smarter
A16: A4 | B16: A | C16: Referência também implausível | D16: Os humanos também deram nota baixa à referência: o problema é o item, não a métrica. | E16: plausibilidade da referência <= 1/3
A17: A9 | B17: A | C17: Outro (A) | D17: Nenhuma das anteriores. Descreva na observação.
A18: B1 | B18: B | C18: Paráfrase | D18: Mesma ideia com outras palavras (inclui nomes diferentes para o mesmo grupo). | E18: ref: islam is violent · gerada: muslims are bad
A19: B2 | B19: B | C19: Explicação genérica | D19: A referência (ou a gerada) não nomeia grupo nem estereótipo: "personal attack", "trivializes harm". | E19: ref: this post is a personal attack · gerada: women are objects
A20: B3 | B20: B | C20: Implicação alternativa coberta | D20: Outra leitura válida do post, que aparece em outra referência do SBIC (ROUGE-L múltiplo alto). | E20: ref: nobody cares if they drown · gerada: mexicans can't swim (ROUGE-L múlt. = 1)
A21: B4 | B21: B | C21: Implicação alternativa não coberta | D21: Outra leitura válida do post, que nenhuma referência do SBIC captura. | E21: ref: fat folks don't get love · gerada: women are more attractive than men
A22: B9 | B22: B | C22: Outro (B) | D22: Nenhuma das anteriores. Descreva na observação.
A24: Exemplo de linha preenchida
A25: Referência | B25: this post implies that black folks are violent
A26: Gerada | B26: this post implies that black folks are stupid
A27: Humano / ROUGE-L | B27: 0,00 / 0,75
A28: Sugerida | B28: A1 (mesmo grupo: black, estereótipo diferente)
A29: CATEGORIA FINAL | B29: A1
A30: Observação | B30: Ambos são estereótipos reais sobre o grupo; o post implica violência, não inteligência.

Sheet Anotação
A1: ID | B1: Dir. | C1: Modelo | D1: Post | E1: Referência (FEB) | F1: Gerada | G1: Plaus. humana | H1: Notas (3 anot.) | I1: Plaus. da ref. | J1: ROUGE-L única | K1: ROUGE-L múltipla | L1: Nº refs | M1: Sugerida | N1: Motivo da sugestão | O1: Confiança | P1: CATEGORIA FINAL | Q1: Observação
A2: A-01 | B2: A | C2: T5-3B | D2: I eventually came to the conclusion that jews behave more like a criminal syndicate than any respectable religion . | E2: this post implies that jewish people are criminals | F2: this post implies that jewish people are incompetent | G2: 0 | H2: no|no|no | I2: 1 | J2: 0.75 | K2: 0.75 | L2: 7 | M2: A1 | N2: mesmo grupo (jew), estereótipo diferente | O2: alta
A3: A-02 | B3: A | C3: T5-3B | D3: they say the vegas shooter was a white guy . <repeat> i was betting on black . | E3: this post implies that black folks are violent | F3: this post implies that black folks are stupid | G3: 0 | H3: no|no|no | I3: 1 | J3: 0.75 | K3: 0.75 | L3: 7 | M3: A1 | N3: mesmo grupo (black, folk), estereótipo diferente | O3: alta
A4: A-03 | B4: A | C4: T5-large | D4: they say the vegas shooter was a white guy . <repeat> i was betting on black . | E4: this post implies that black folks are violent | F4: this post implies that black folks are dumb | G4: 0 | H4: no|no|no | I4: 1 | J4: 0.75 | K4: 0.75 | L4: 7 | M4: A1 | N4: mesmo grupo (black, folk), estereótipo diferente | O4: alta
A5: A-04 | B5: A | C5: GPT-3 | D5: What do you call a smiling black man? Snigger | E5: this post implies that black folks are niggers | F5: this post implies that black folks are happy | G5: 0.111 | H5: no|w_no|no | I5: 0.889 | J5: 0.75 | K5: 0.75 | L5: 9 | M5: A3 | N5: mesmo grupo (black, folk); termo positivo na gerada | O5: média
A6: A-05 | B6: A | C6: T5-3B | D6: if i have three cans of mountain dew in one hand and three bags of doritos in the other , what do i have all up ? aspergers . | E6: this post implies that people with aspergers are crazy | F6: this post implies that aspergers are crazy | G6: 0.222 | H6: no|w_yes|no | I6: 0.444 | J6: 0.75 | K6: 0.75 | L6: 5 | M6: A1 | N6: mesmo grupo (asperger), estereótipo diferente | O6: alta
A7: A-06 | B7: A | C7: T5-base | D7: RT @daniellle_x3: I swear to god some guys are bigger bitches than girls | E7: this post implies that women are cowardly | F7: this post implies that women are smarter | G7: 0 | H7: no|no|no | I7: 0 | J7: 0.667 | K7: 0.667 | L7: 5 | M7: A4 | N7: plausibilidade da referência = 0.00; também tem padrão A3 | O7: alta
A8: A-07 | B8: A | C8: T5-3B | D8: where do muslims go when they die ? all over the place . | E8: this post implies that muslims are violent? | F8: this post implies that muslims are useless | G8: 0.111 | H8: no|w_no|no | I8: 0.889 | J8: 0.667 | K8: 0.667 | L8: 11 | M8: A1 | N8: mesmo grupo (muslim), estereótipo diferente | O8: alta
A9: A-08 | B9: A | C9: T5-3B | D9: RT @kxyIx: Females love stealing someone's boyfriend , that's not cute y'all hoes need some morals &amp; life goals | E9: this post implies that women are hoes | F9: this post implies that women are inferior | G9: 0.333 | H9: no|w_no|w_yes | I9: 1 | J9: 0.667 | K9: 0.667 | L9: 8 | M9: A1 | N9: mesmo grupo (women), estereótipo diferente | O9: alta
A10: A-09 | B10: A | C10: T5-3B | D10: What do you call a smiling black man? Snigger | E10: this post implies that black people are a waste | F10: this post implies that black people are sniggers | G10: 0 | H10: no|no|no | I10: 0 | J10: 0.667 | K10: 0.75 | L10: 8 | M10: A4 | N10: plausibilidade da referência = 0.00; também tem padrão A1 | O10: alta
A11: A-10 | B11: A | C11: T5-large | D11: Me trying to get fake internet points is just like a black kid meeting his father. It's never gonna happen. | E11: this post implies that black folks are bad fathers | F11: this post implies that black folks are exploited | G11: 0 | H11: no|no|no | I11: 1 | J11: 0.667 | K11: 0.667 | L11: 7 | M11: A3 | N11: mesmo grupo (black, folk); termo positivo na gerada | O11: média
A12: A-11 | B12: A | C12: T5-base | D12: Gattaca = incel redemption story | E12: this post is a personal attack | F12: this post implies that incel redemption story is a personal attack | G12: 0 | H12: no|no|no | I12: 0.667 | J12: 0.615 | K12: 0.615 | L12: 1 | M12: A2 | N12: referência ou gerada usa molde genérico | O12: média
A13: A-12 | B13: A | C13: T5-base | D13: Why can't black people swim? Because there stupid stinky filthy fucking niggers that can't do shit | E13: this post implies that black folks can't swim | F13: this post implies that black folks should just swim. | G13: 0 | H13: no|no|no | I13: 0.667 | J13: 0.6 | K13: 0.6 | L13: 9 | M13: A1 | N13: mesmo grupo (black, folk), estereótipo diferente | O13: alta
... A101: B-50 | B101: B | C101: GPT-3 | D101: The British government who throw people in jail for posting mean word's on the internet now want returning moslems who fought with ISIS to not face jail & to be reintergrated into society.What could possibly go wrong? | E101: this post is a personal attack | F101: this post implies that the british government is too lenient on terrorists | G101: 1 | H101: yes|yes|yes | I101: 0.222 | J101: 0.143 | K101: 0.143 | L101: 2 | M101: B2 | N101: referência genérica (não nomeia grupo/estereótipo) | O101: alta

Sheet Resumo
A1: Resumo da anotação (atualiza sozinho)
A3: Itens anotados | B3: =COUNTA(Anotação!$P$2:$P$101) -> 0
A4: Progresso | B4: =B3/100 -> 0
A5: Concordância com a sugestão | B5: =IFERROR(SUMPRODUCT((Anotação!$M$2:$M$101=Anotação!$P$2:$P$101)*(Anotação!$P$2:$P$101<>""))/B3,"-") -> - | C5: Só conta itens já anotados.
A7: Código | B7: Categoria | C7: Sugeridas | D7: Final | E7: % da direção (final)
A8: A1 | B8: Grupo certo, estereótipo errado | C8: =COUNTIF(Anotação!$M$2:$M$101,A8) -> 26 | D8: =COUNTIF(Anotação!$P$2:$P$101,A8) -> 0 | E8: =IFERROR(D8/COUNTIFS(Anotação!$B$2:$B$101,"A",Anotação!$P$2:$P$101,"<>"),"-") -> -
A9: A2 | B9: Sobreposição só de molde | C9: =COUNTIF(Anotação!$M$2:$M$101,A9) -> 3 | D9: =COUNTIF(Anotação!$P$2:$P$101,A9) -> 0 | E9: =IFERROR(D9/COUNTIFS(Anotação!$B$2:$B$101,"A",Anotação!$P$2:$P$101,"<>"),"-") -> -
A10: A3 | B10: Sentido invertido ou positivo | C10: =COUNTIF(Anotação!$M$2:$M$101,A10) -> 2 | D10: =COUNTIF(Anotação!$P$2:$P$101,A10) -> 0 | E10: =IFERROR(D10/COUNTIFS(Anotação!$B$2:$B$101,"A",Anotação!$P$2:$P$101,"<>"),"-") -> -
A11: A4 | B11: Referência também implausível | C11: =COUNTIF(Anotação!$M$2:$M$101,A11) -> 18 | D11: =COUNTIF(Anotação!$P$2:$P$101,A11) -> 0 | E11: =IFERROR(D11/COUNTIFS(Anotação!$B$2:$B$101,"A",Anotação!$P$2:$P$101,"<>"),"-") -> -
A12: A9 | B12: Outro (A) | C12: =COUNTIF(Anotação!$M$2:$M$101,A12) -> 1 | D12: =COUNTIF(Anotação!$P$2:$P$101,A12) -> 0 | E12: =IFERROR(D12/COUNTIFS(Anotação!$B$2:$B$101,"A",Anotação!$P$2:$P$101,"<>"),"-") -> -
A13: B1 | B13: Paráfrase | C13: =COUNTIF(Anotação!$M$2:$M$101,A13) -> 11 | D13: =COUNTIF(Anotação!$P$2:$P$101,A13) -> 0 | E13: =IFERROR(D13/COUNTIFS(Anotação!$B$2:$B$101,"B",Anotação!$P$2:$P$101,"<>"),"-") -> -
A14: B2 | B14: Explicação genérica | C14: =COUNTIF(Anotação!$M$2:$M$101,A14) -> 27 | D14: =COUNTIF(Anotação!$P$2:$P$101,A14) -> 0 | E14: =IFERROR(D14/COUNTIFS(Anotação!$B$2:$B$101,"B",Anotação!$P$2:$P$101,"<>"),"-") -> -
A15: B3 | B15: Implicação alternativa coberta | C15: =COUNTIF(Anotação!$M$2:$M$101,A15) -> 6 | D15: =COUNTIF(Anotação!$P$2:$P$101,A15) -> 0 | E15: =IFERROR(D15/COUNTIFS(Anotação!$B$2:$B$101,"B",Anotação!$P$2:$P$101,"<>"),"-") -> -
A16: B4 | B16: Implicação alternativa não coberta | C16: =COUNTIF(Anotação!$M$2:$M$101,A16) -> 6 | D16: =COUNTIF(Anotação!$P$2:$P$101,A16) -> 0 | E16: =IFERROR(D16/COUNTIFS(Anotação!$B$2:$B$101,"B",Anotação!$P$2:$P$101,"<>"),"-") -> -
A17: B9 | B17: Outro (B) | C17: =COUNTIF(Anotação!$M$2:$M$101,A17) -> 0 | D17: =COUNTIF(Anotação!$P$2:$P$101,A17) -> 0 | E17: =IFERROR(D17/COUNTIFS(Anotação!$B$2:$B$101,"B",Anotação!$P$2:$P$101,"<>"),"-") -> -
